Customer_ID,Customer_Name,City,Customer_Type
1,Customer 1,Mumbai,Retail
2,Customer 2,Delhi,Retail
3,Customer 3,Chennai,Corporate
4,Customer 4,Hyderabad,Corporate
5,Customer 5,Chennai,Corporate
6,Customer 6,Pune,Corporate
7,Customer 7,Mumbai,Retail
8,Customer 8,Kolkata,Retail
9,Customer 9,Kolkata,Retail
10,Customer 10,Mumbai,Corporate
11,Customer 11,Hyderabad,Retail
12,Customer 12,Delhi,Corporate
13,Customer 13,Bengaluru,Corporate
14,Customer 14,Bengaluru,Retail
15,Customer 15,Bengaluru,Retail
16,Customer 16,Bengaluru,Retail
17,Customer 17,Bengaluru,Corporate
18,Customer 18,Pune,Retail
19,Customer 19,Chennai,Retail
20,Customer 20,Pune,Corporate
21,Customer 21,Kolkata,Retail
22,Customer 22,Hyderabad,Retail
23,Customer 23,Delhi,Retail
24,Customer 24,Kolkata,Corporate
25,Customer 25,Delhi,Retail
26,Customer 26,Kolkata,Retail
27,Customer 27,Kolkata,Corporate
28,Customer 28,Chennai,Retail
29,Customer 29,Hyderabad,Retail
30,Customer 30,Pune,Retail
31,Customer 31,Bengaluru,Corporate
32,Customer 32,Mumbai,Retail
33,Customer 33,Chennai,Corporate
34,Customer 34,Kolkata,Retail
35,Customer 35,Pune,Retail
36,Customer 36,Mumbai,Corporate
37,Customer 37,Kolkata,Retail
38,Customer 38,Bengaluru,Corporate
39,Customer 39,Bengaluru,Retail
40,Customer 40,Bengaluru,Corporate
41,Customer 41,Mumbai,Retail
42,Customer 42,Kolkata,Corporate
43,Customer 43,Chennai,Corporate
44,Customer 44,Hyderabad,Corporate
45,Customer 45,Hyderabad,Retail
46,Customer 46,Delhi,Corporate
47,Customer 47,Hyderabad,Retail
48,Customer 48,Kolkata,Retail
49,Customer 49,Delhi,Retail
50,Customer 50,Mumbai,Retail
51,Customer 51,Mumbai,Corporate
52,Customer 52,Delhi,Retail
53,Customer 53,Delhi,Retail
54,Customer 54,Pune,Retail
55,Customer 55,Chennai,Corporate
56,Customer 56,Pune,Corporate
57,Customer 57,Delhi,Corporate
58,Customer 58,Pune,Retail
59,Customer 59,Kolkata,Retail
60,Customer 60,Mumbai,Retail
61,Customer 61,Chennai,Retail
62,Customer 62,Kolkata,Retail
63,Customer 63,Kolkata,Retail
64,Customer 64,Hyderabad,Retail
65,Customer 65,Kolkata,Corporate
66,Customer 66,Chennai,Retail
67,Customer 67,Kolkata,Corporate
68,Customer 68,Kolkata,Retail
69,Customer 69,Chennai,Corporate
70,Customer 70,Hyderabad,Retail
71,Customer 71,Kolkata,Retail
72,Customer 72,Mumbai,Retail
73,Customer 73,Chennai,Corporate
74,Customer 74,Bengaluru,Retail
75,Customer 75,Chennai,Corporate
76,Customer 76,Chennai,Corporate
77,Customer 77,Kolkata,Retail
78,Customer 78,Kolkata,Corporate
79,Customer 79,Chennai,Corporate
80,Customer 80,Pune,Corporate
81,Customer 81,Pune,Corporate
82,Customer 82,Hyderabad,Corporate
83,Customer 83,Pune,Corporate
84,Customer 84,Kolkata,Corporate
85,Customer 85,Delhi,Corporate
86,Customer 86,Chennai,Corporate
87,Customer 87,Bengaluru,Retail
88,Customer 88,Delhi,Corporate
89,Customer 89,Bengaluru,Retail
90,Customer 90,Kolkata,Retail
91,Customer 91,Delhi,Retail
92,Customer 92,Pune,Retail
93,Customer 93,Hyderabad,Corporate
94,Customer 94,Pune,Retail
95,Customer 95,Mumbai,Corporate
96,Customer 96,Kolkata,Retail
97,Customer 97,Kolkata,Corporate
98,Customer 98,Kolkata,Corporate
99,Customer 99,Hyderabad,Corporate
100,Customer 100,Kolkata,Retail
101,Customer 101,Delhi,Corporate
102,Customer 102,Pune,Retail
103,Customer 103,Kolkata,Corporate
104,Customer 104,Chennai,Corporate
105,Customer 105,Kolkata,Retail
106,Customer 106,Hyderabad,Retail
107,Customer 107,Delhi,Retail
108,Customer 108,Hyderabad,Corporate
109,Customer 109,Bengaluru,Retail
110,Customer 110,Chennai,Retail
111,Customer 111,Pune,Retail
112,Customer 112,Hyderabad,Corporate
113,Customer 113,Hyderabad,Retail
114,Customer 114,Bengaluru,Corporate
115,Customer 115,Bengaluru,Corporate
116,Customer 116,Bengaluru,Retail
117,Customer 117,Hyderabad,Retail
118,Customer 118,Delhi,Retail
119,Customer 119,Mumbai,Retail
120,Customer 120,Mumbai,Corporate
121,Customer 121,Delhi,Retail
122,Customer 122,Delhi,Corporate
123,Customer 123,Delhi,Corporate
124,Customer 124,Pune,Retail
125,Customer 125,Chennai,Retail
126,Customer 126,Chennai,Retail
127,Customer 127,Hyderabad,Retail
128,Customer 128,Kolkata,Retail
129,Customer 129,Mumbai,Retail
130,Customer 130,Bengaluru,Corporate
131,Customer 131,Hyderabad,Retail
132,Customer 132,Delhi,Corporate
133,Customer 133,Chennai,Retail
134,Customer 134,Pune,Retail
135,Customer 135,Delhi,Retail
136,Customer 136,Pune,Retail
137,Customer 137,Kolkata,Retail
138,Customer 138,Hyderabad,Retail
139,Customer 139,Pune,Retail
140,Customer 140,Bengaluru,Corporate
141,Customer 141,Hyderabad,Corporate
142,Customer 142,Pune,Corporate
143,Customer 143,Hyderabad,Retail
144,Customer 144,Delhi,Retail
145,Customer 145,Pune,Corporate
146,Customer 146,Chennai,Retail
147,Customer 147,Chennai,Retail
148,Customer 148,Mumbai,Retail
149,Customer 149,Hyderabad,Retail
150,Customer 150,Mumbai,Retail
151,Customer 151,Mumbai,Retail
152,Customer 152,Mumbai,Retail
153,Customer 153,Chennai,Retail
154,Customer 154,Kolkata,Retail
155,Customer 155,Chennai,Corporate
156,Customer 156,Mumbai,Corporate
157,Customer 157,Bengaluru,Corporate
158,Customer 158,Hyderabad,Corporate
159,Customer 159,Kolkata,Corporate
160,Customer 160,Bengaluru,Corporate
161,Customer 161,Hyderabad,Corporate
162,Customer 162,Delhi,Corporate
163,Customer 163,Pune,Corporate
164,Customer 164,Kolkata,Corporate
165,Customer 165,Mumbai,Corporate
166,Customer 166,Hyderabad,Corporate
167,Customer 167,Delhi,Corporate
168,Customer 168,Delhi,Corporate
169,Customer 169,Mumbai,Corporate
170,Customer 170,Chennai,Corporate
171,Customer 171,Pune,Retail
172,Customer 172,Kolkata,Corporate
173,Customer 173,Bengaluru,Retail
174,Customer 174,Chennai,Corporate
175,Customer 175,Delhi,Retail
176,Customer 176,Pune,Corporate
177,Customer 177,Bengaluru,Corporate
178,Customer 178,Bengaluru,Retail
179,Customer 179,Chennai,Corporate
180,Customer 180,Pune,Corporate
181,Customer 181,Bengaluru,Retail
182,Customer 182,Hyderabad,Retail
183,Customer 183,Mumbai,Retail
184,Customer 184,Mumbai,Retail
185,Customer 185,Mumbai,Retail
186,Customer 186,Chennai,Retail
187,Customer 187,Delhi,Retail
188,Customer 188,Delhi,Corporate
189,Customer 189,Hyderabad,Retail
190,Customer 190,Kolkata,Retail
191,Customer 191,Kolkata,Corporate
192,Customer 192,Pune,Corporate
193,Customer 193,Kolkata,Retail
194,Customer 194,Delhi,Retail
195,Customer 195,Mumbai,Retail
196,Customer 196,Chennai,Retail
197,Customer 197,Delhi,Retail
198,Customer 198,Hyderabad,Corporate
199,Customer 199,Delhi,Corporate
200,Customer 200,Kolkata,Corporate
201,Customer 201,Delhi,Retail
202,Customer 202,Kolkata,Retail
203,Customer 203,Mumbai,Corporate
204,Customer 204,Pune,Corporate
205,Customer 205,Mumbai,Corporate
206,Customer 206,Mumbai,Retail
207,Customer 207,Mumbai,Retail
208,Customer 208,Hyderabad,Retail
209,Customer 209,Hyderabad,Retail
210,Customer 210,Pune,Corporate
211,Customer 211,Kolkata,Corporate
212,Customer 212,Bengaluru,Corporate
213,Customer 213,Hyderabad,Retail
214,Customer 214,Kolkata,Retail
215,Customer 215,Pune,Corporate
216,Customer 216,Chennai,Retail
217,Customer 217,Hyderabad,Corporate
218,Customer 218,Pune,Corporate
219,Customer 219,Delhi,Retail
220,Customer 220,Bengaluru,Retail
221,Customer 221,Pune,Retail
222,Customer 222,Kolkata,Retail
223,Customer 223,Bengaluru,Corporate
224,Customer 224,Delhi,Corporate
225,Customer 225,Delhi,Corporate
226,Customer 226,Mumbai,Corporate
227,Customer 227,Kolkata,Retail
228,Customer 228,Hyderabad,Retail
229,Customer 229,Bengaluru,Retail
230,Customer 230,Kolkata,Corporate
231,Customer 231,Hyderabad,Retail
232,Customer 232,Pune,Corporate
233,Customer 233,Chennai,Corporate
234,Customer 234,Chennai,Retail
235,Customer 235,Mumbai,Retail
236,Customer 236,Kolkata,Retail
237,Customer 237,Bengaluru,Retail
238,Customer 238,Mumbai,Retail
239,Customer 239,Delhi,Corporate
240,Customer 240,Chennai,Retail
241,Customer 241,Kolkata,Retail
242,Customer 242,Chennai,Retail
243,Customer 243,Chennai,Retail
244,Customer 244,Kolkata,Corporate
245,Customer 245,Chennai,Corporate
246,Customer 246,Mumbai,Corporate
247,Customer 247,Pune,Corporate
248,Customer 248,Mumbai,Retail
249,Customer 249,Bengaluru,Retail
250,Customer 250,Hyderabad,Retail
251,Customer 251,Kolkata,Retail
252,Customer 252,Pune,Corporate
253,Customer 253,Hyderabad,Corporate
254,Customer 254,Delhi,Corporate
255,Customer 255,Hyderabad,Retail
256,Customer 256,Mumbai,Corporate
257,Customer 257,Hyderabad,Retail
258,Customer 258,Pune,Retail
259,Customer 259,Mumbai,Corporate
260,Customer 260,Kolkata,Corporate
261,Customer 261,Hyderabad,Retail
262,Customer 262,Mumbai,Corporate
263,Customer 263,Pune,Corporate
264,Customer 264,Kolkata,Corporate
265,Customer 265,Chennai,Corporate
266,Customer 266,Kolkata,Corporate
267,Customer 267,Pune,Retail
268,Customer 268,Kolkata,Corporate
269,Customer 269,Hyderabad,Retail
270,Customer 270,Pune,Retail
271,Customer 271,Kolkata,Retail
272,Customer 272,Kolkata,Retail
273,Customer 273,Hyderabad,Retail
274,Customer 274,Chennai,Corporate
275,Customer 275,Mumbai,Retail
276,Customer 276,Chennai,Retail
277,Customer 277,Pune,Corporate
278,Customer 278,Pune,Retail
279,Customer 279,Pune,Retail
280,Customer 280,Kolkata,Corporate
281,Customer 281,Hyderabad,Corporate
282,Customer 282,Pune,Corporate
283,Customer 283,Bengaluru,Corporate
284,Customer 284,Bengaluru,Retail
285,Customer 285,Chennai,Retail
286,Customer 286,Mumbai,Retail
287,Customer 287,Hyderabad,Corporate
288,Customer 288,Bengaluru,Retail
289,Customer 289,Pune,Corporate
290,Customer 290,Bengaluru,Retail
291,Customer 291,Delhi,Corporate
292,Customer 292,Bengaluru,Corporate
293,Customer 293,Pune,Corporate
294,Customer 294,Pune,Retail
295,Customer 295,Hyderabad,Corporate
296,Customer 296,Mumbai,Corporate
297,Customer 297,Chennai,Corporate
298,Customer 298,Kolkata,Retail
299,Customer 299,Pune,Corporate
300,Customer 300,Chennai,Retail
301,Customer 301,Pune,Corporate
302,Customer 302,Hyderabad,Corporate
303,Customer 303,Bengaluru,Corporate
304,Customer 304,Mumbai,Corporate
305,Customer 305,Pune,Corporate
306,Customer 306,Chennai,Corporate
307,Customer 307,Pune,Retail
308,Customer 308,Hyderabad,Retail
309,Customer 309,Delhi,Retail
310,Customer 310,Bengaluru,Retail
311,Customer 311,Kolkata,Retail
312,Customer 312,Delhi,Corporate
313,Customer 313,Mumbai,Retail
314,Customer 314,Kolkata,Retail
315,Customer 315,Hyderabad,Corporate
316,Customer 316,Bengaluru,Retail
317,Customer 317,Delhi,Retail
318,Customer 318,Hyderabad,Corporate
319,Customer 319,Pune,Retail
320,Customer 320,Mumbai,Retail
321,Customer 321,Bengaluru,Corporate
322,Customer 322,Mumbai,Retail
323,Customer 323,Pune,Corporate
324,Customer 324,Mumbai,Retail
325,Customer 325,Chennai,Retail
326,Customer 326,Pune,Retail
327,Customer 327,Delhi,Corporate
328,Customer 328,Kolkata,Corporate
329,Customer 329,Bengaluru,Corporate
330,Customer 330,Bengaluru,Corporate
331,Customer 331,Hyderabad,Retail
332,Customer 332,Delhi,Corporate
333,Customer 333,Mumbai,Retail
334,Customer 334,Bengaluru,Corporate
335,Customer 335,Kolkata,Retail
336,Customer 336,Kolkata,Corporate
337,Customer 337,Kolkata,Corporate
338,Customer 338,Delhi,Corporate
339,Customer 339,Mumbai,Corporate
340,Customer 340,Delhi,Corporate
341,Customer 341,Chennai,Retail
342,Customer 342,Mumbai,Retail
343,Customer 343,Kolkata,Corporate
344,Customer 344,Bengaluru,Corporate
345,Customer 345,Bengaluru,Retail
346,Customer 346,Delhi,Retail
347,Customer 347,Delhi,Retail
348,Customer 348,Kolkata,Retail
349,Customer 349,Hyderabad,Corporate
350,Customer 350,Kolkata,Retail
351,Customer 351,Delhi,Corporate
352,Customer 352,Delhi,Corporate
353,Customer 353,Kolkata,Corporate
354,Customer 354,Hyderabad,Retail
355,Customer 355,Delhi,Corporate
356,Customer 356,Delhi,Retail
357,Customer 357,Delhi,Retail
358,Customer 358,Delhi,Corporate
359,Customer 359,Delhi,Retail
360,Customer 360,Delhi,Corporate
361,Customer 361,Delhi,Corporate
362,Customer 362,Pune,Corporate
363,Customer 363,Pune,Retail
364,Customer 364,Delhi,Retail
365,Customer 365,Delhi,Retail
366,Customer 366,Delhi,Corporate
367,Customer 367,Delhi,Retail
368,Customer 368,Chennai,Retail
369,Customer 369,Pune,Retail
370,Customer 370,Chennai,Corporate
371,Customer 371,Pune,Corporate
372,Customer 372,Kolkata,Retail
373,Customer 373,Hyderabad,Retail
374,Customer 374,Pune,Retail
375,Customer 375,Delhi,Corporate
376,Customer 376,Mumbai,Retail
377,Customer 377,Mumbai,Corporate
378,Customer 378,Delhi,Corporate
379,Customer 379,Kolkata,Retail
380,Customer 380,Kolkata,Corporate
381,Customer 381,Pune,Retail
382,Customer 382,Bengaluru,Corporate
383,Customer 383,Pune,Retail
384,Customer 384,Chennai,Corporate
385,Customer 385,Delhi,Corporate
386,Customer 386,Delhi,Corporate
387,Customer 387,Chennai,Retail
388,Customer 388,Chennai,Retail
389,Customer 389,Chennai,Retail
390,Customer 390,Hyderabad,Retail
391,Customer 391,Kolkata,Retail
392,Customer 392,Chennai,Retail
393,Customer 393,Bengaluru,Retail
394,Customer 394,Pune,Retail
395,Customer 395,Mumbai,Retail
396,Customer 396,Bengaluru,Retail
397,Customer 397,Mumbai,Retail
398,Customer 398,Pune,Retail
399,Customer 399,Chennai,Corporate
400,Customer 400,Bengaluru,Corporate
401,Customer 401,Kolkata,Corporate
402,Customer 402,Kolkata,Corporate
403,Customer 403,Pune,Retail
404,Customer 404,Kolkata,Retail
405,Customer 405,Bengaluru,Corporate
406,Customer 406,Bengaluru,Retail
407,Customer 407,Chennai,Corporate
408,Customer 408,Pune,Corporate
409,Customer 409,Mumbai,Corporate
410,Customer 410,Chennai,Retail
411,Customer 411,Kolkata,Corporate
412,Customer 412,Kolkata,Corporate
413,Customer 413,Delhi,Retail
414,Customer 414,Hyderabad,Retail
415,Customer 415,Pune,Retail
416,Customer 416,Pune,Retail
417,Customer 417,Bengaluru,Corporate
418,Customer 418,Chennai,Retail
419,Customer 419,Kolkata,Retail
420,Customer 420,Pune,Corporate
421,Customer 421,Bengaluru,Retail
422,Customer 422,Hyderabad,Retail
423,Customer 423,Delhi,Corporate
424,Customer 424,Delhi,Corporate
425,Customer 425,Chennai,Retail
426,Customer 426,Delhi,Retail
427,Customer 427,Pune,Retail
428,Customer 428,Bengaluru,Corporate
429,Customer 429,Bengaluru,Corporate
430,Customer 430,Hyderabad,Corporate
431,Customer 431,Chennai,Retail
432,Customer 432,Kolkata,Retail
433,Customer 433,Bengaluru,Corporate
434,Customer 434,Delhi,Retail
435,Customer 435,Delhi,Retail
436,Customer 436,Mumbai,Retail
437,Customer 437,Pune,Corporate
438,Customer 438,Delhi,Retail
439,Customer 439,Chennai,Corporate
440,Customer 440,Pune,Corporate
441,Customer 441,Bengaluru,Corporate
442,Customer 442,Hyderabad,Corporate
443,Customer 443,Hyderabad,Corporate
444,Customer 444,Pune,Retail
445,Customer 445,Pune,Corporate
446,Customer 446,Hyderabad,Corporate
447,Customer 447,Chennai,Corporate
448,Customer 448,Mumbai,Corporate
449,Customer 449,Hyderabad,Retail
450,Customer 450,Kolkata,Retail
451,Customer 451,Kolkata,Retail
452,Customer 452,Kolkata,Retail
453,Customer 453,Hyderabad,Retail
454,Customer 454,Hyderabad,Retail
455,Customer 455,Kolkata,Corporate
456,Customer 456,Kolkata,Corporate
457,Customer 457,Delhi,Corporate
458,Customer 458,Pune,Corporate
459,Customer 459,Hyderabad,Corporate
460,Customer 460,Hyderabad,Corporate
461,Customer 461,Delhi,Corporate
462,Customer 462,Hyderabad,Retail
463,Customer 463,Chennai,Retail
464,Customer 464,Bengaluru,Corporate
465,Customer 465,Kolkata,Retail
466,Customer 466,Bengaluru,Corporate
467,Customer 467,Hyderabad,Retail
468,Customer 468,Delhi,Corporate
469,Customer 469,Hyderabad,Corporate
470,Customer 470,Delhi,Corporate
471,Customer 471,Mumbai,Retail
472,Customer 472,Pune,Corporate
473,Customer 473,Pune,Corporate
474,Customer 474,Bengaluru,Corporate
475,Customer 475,Bengaluru,Retail
476,Customer 476,Kolkata,Corporate
477,Customer 477,Chennai,Retail
478,Customer 478,Kolkata,Retail
479,Customer 479,Pune,Corporate
480,Customer 480,Pune,Corporate
481,Customer 481,Hyderabad,Corporate
482,Customer 482,Pune,Retail
483,Customer 483,Delhi,Corporate
484,Customer 484,Mumbai,Corporate
485,Customer 485,Delhi,Retail
486,Customer 486,Bengaluru,Corporate
487,Customer 487,Mumbai,Corporate
488,Customer 488,Pune,Corporate
489,Customer 489,Bengaluru,Retail
490,Customer 490,Pune,Corporate
491,Customer 491,Pune,Corporate
492,Customer 492,Mumbai,Retail
493,Customer 493,Pune,Corporate
494,Customer 494,Pune,Corporate
495,Customer 495,Bengaluru,Retail
496,Customer 496,Pune,Retail
497,Customer 497,Hyderabad,Retail
498,Customer 498,Chennai,Retail
499,Customer 499,Chennai,Retail
500,Customer 500,Bengaluru,Retail
501,Customer 501,Mumbai,Corporate
502,Customer 502,Hyderabad,Corporate
503,Customer 503,Chennai,Corporate
504,Customer 504,Hyderabad,Retail
505,Customer 505,Bengaluru,Corporate
506,Customer 506,Hyderabad,Corporate
507,Customer 507,Delhi,Retail
508,Customer 508,Kolkata,Corporate
509,Customer 509,Mumbai,Retail
510,Customer 510,Chennai,Retail
511,Customer 511,Chennai,Retail
512,Customer 512,Delhi,Retail
513,Customer 513,Mumbai,Corporate
514,Customer 514,Pune,Corporate
515,Customer 515,Chennai,Corporate
516,Customer 516,Pune,Corporate
517,Customer 517,Delhi,Retail
518,Customer 518,Mumbai,Corporate
519,Customer 519,Chennai,Corporate
520,Customer 520,Mumbai,Retail
521,Customer 521,Hyderabad,Corporate
522,Customer 522,Mumbai,Retail
523,Customer 523,Pune,Retail
524,Customer 524,Mumbai,Retail
525,Customer 525,Bengaluru,Corporate
526,Customer 526,Delhi,Corporate
527,Customer 527,Kolkata,Retail
528,Customer 528,Pune,Retail
529,Customer 529,Kolkata,Corporate
530,Customer 530,Hyderabad,Retail
531,Customer 531,Pune,Retail
532,Customer 532,Kolkata,Retail
533,Customer 533,Hyderabad,Retail
534,Customer 534,Bengaluru,Retail
535,Customer 535,Hyderabad,Corporate
536,Customer 536,Chennai,Retail
537,Customer 537,Bengaluru,Retail
538,Customer 538,Delhi,Corporate
539,Customer 539,Mumbai,Corporate
540,Customer 540,Chennai,Retail
541,Customer 541,Chennai,Corporate
542,Customer 542,Delhi,Corporate
543,Customer 543,Chennai,Retail
544,Customer 544,Hyderabad,Corporate
545,Customer 545,Chennai,Retail
546,Customer 546,Bengaluru,Corporate
547,Customer 547,Bengaluru,Retail
548,Customer 548,Bengaluru,Retail
549,Customer 549,Mumbai,Retail
550,Customer 550,Pune,Retail
551,Customer 551,Bengaluru,Retail
552,Customer 552,Mumbai,Retail
553,Customer 553,Mumbai,Corporate
554,Customer 554,Bengaluru,Corporate
555,Customer 555,Chennai,Corporate
556,Customer 556,Kolkata,Retail
557,Customer 557,Kolkata,Retail
558,Customer 558,Hyderabad,Corporate
559,Customer 559,Bengaluru,Retail
560,Customer 560,Delhi,Retail
561,Customer 561,Kolkata,Retail
562,Customer 562,Hyderabad,Retail
563,Customer 563,Kolkata,Retail
564,Customer 564,Pune,Corporate
565,Customer 565,Pune,Retail
566,Customer 566,Kolkata,Corporate
567,Customer 567,Pune,Retail
568,Customer 568,Delhi,Retail
569,Customer 569,Pune,Corporate
570,Customer 570,Bengaluru,Retail
571,Customer 571,Chennai,Corporate
572,Customer 572,Bengaluru,Corporate
573,Customer 573,Mumbai,Retail
574,Customer 574,Bengaluru,Retail
575,Customer 575,Kolkata,Corporate
576,Customer 576,Pune,Corporate
577,Customer 577,Mumbai,Retail
578,Customer 578,Hyderabad,Retail
579,Customer 579,Hyderabad,Retail
580,Customer 580,Pune,Retail
581,Customer 581,Delhi,Retail
582,Customer 582,Mumbai,Corporate
583,Customer 583,Mumbai,Corporate
584,Customer 584,Pune,Corporate
585,Customer 585,Chennai,Corporate
586,Customer 586,Hyderabad,Corporate
587,Customer 587,Chennai,Corporate
588,Customer 588,Pune,Retail
589,Customer 589,Pune,Retail
590,Customer 590,Pune,Retail
591,Customer 591,Kolkata,Retail
592,Customer 592,Delhi,Retail
593,Customer 593,Mumbai,Corporate
594,Customer 594,Delhi,Retail
595,Customer 595,Delhi,Retail
596,Customer 596,Mumbai,Retail
597,Customer 597,Chennai,Retail
598,Customer 598,Pune,Corporate
599,Customer 599,Chennai,Retail
600,Customer 600,Delhi,Retail
601,Customer 601,Delhi,Corporate
602,Customer 602,Mumbai,Corporate
603,Customer 603,Bengaluru,Corporate
604,Customer 604,Bengaluru,Corporate
605,Customer 605,Chennai,Corporate
606,Customer 606,Mumbai,Retail
607,Customer 607,Hyderabad,Corporate
608,Customer 608,Kolkata,Retail
609,Customer 609,Hyderabad,Retail
610,Customer 610,Bengaluru,Retail
611,Customer 611,Delhi,Retail
612,Customer 612,Kolkata,Corporate
613,Customer 613,Hyderabad,Retail
614,Customer 614,Delhi,Retail
615,Customer 615,Chennai,Retail
616,Customer 616,Mumbai,Corporate
617,Customer 617,Bengaluru,Retail
618,Customer 618,Hyderabad,Retail
619,Customer 619,Hyderabad,Retail
620,Customer 620,Pune,Corporate
621,Customer 621,Mumbai,Retail
622,Customer 622,Delhi,Corporate
623,Customer 623,Hyderabad,Corporate
624,Customer 624,Kolkata,Corporate
625,Customer 625,Delhi,Corporate
626,Customer 626,Pune,Retail
627,Customer 627,Bengaluru,Corporate
628,Customer 628,Bengaluru,Corporate
629,Customer 629,Delhi,Retail
630,Customer 630,Chennai,Corporate
631,Customer 631,Mumbai,Corporate
632,Customer 632,Mumbai,Retail
633,Customer 633,Bengaluru,Corporate
634,Customer 634,Hyderabad,Corporate
635,Customer 635,Chennai,Retail
636,Customer 636,Hyderabad,Retail
637,Customer 637,Bengaluru,Retail
638,Customer 638,Bengaluru,Retail
639,Customer 639,Bengaluru,Corporate
640,Customer 640,Bengaluru,Retail
641,Customer 641,Bengaluru,Corporate
642,Customer 642,Delhi,Corporate
643,Customer 643,Chennai,Retail
644,Customer 644,Delhi,Retail
645,Customer 645,Delhi,Corporate
646,Customer 646,Chennai,Corporate
647,Customer 647,Delhi,Corporate
648,Customer 648,Delhi,Corporate
649,Customer 649,Mumbai,Corporate
650,Customer 650,Pune,Corporate
651,Customer 651,Pune,Corporate
652,Customer 652,Bengaluru,Corporate
653,Customer 653,Mumbai,Retail
654,Customer 654,Hyderabad,Retail
655,Customer 655,Bengaluru,Corporate
656,Customer 656,Delhi,Corporate
657,Customer 657,Bengaluru,Retail
658,Customer 658,Hyderabad,Retail
659,Customer 659,Bengaluru,Corporate
660,Customer 660,Kolkata,Corporate
661,Customer 661,Hyderabad,Corporate
662,Customer 662,Hyderabad,Retail
663,Customer 663,Mumbai,Corporate
664,Customer 664,Delhi,Retail
665,Customer 665,Delhi,Corporate
666,Customer 666,Hyderabad,Corporate
667,Customer 667,Chennai,Retail
668,Customer 668,Hyderabad,Retail
669,Customer 669,Delhi,Retail
670,Customer 670,Pune,Corporate
671,Customer 671,Chennai,Retail
672,Customer 672,Delhi,Retail
673,Customer 673,Bengaluru,Retail
674,Customer 674,Pune,Corporate
675,Customer 675,Kolkata,Corporate
676,Customer 676,Pune,Corporate
677,Customer 677,Kolkata,Retail
678,Customer 678,Pune,Corporate
679,Customer 679,Kolkata,Retail
680,Customer 680,Chennai,Corporate
681,Customer 681,Hyderabad,Corporate
682,Customer 682,Hyderabad,Retail
683,Customer 683,Pune,Retail
684,Customer 684,Kolkata,Retail
685,Customer 685,Kolkata,Corporate
686,Customer 686,Mumbai,Corporate
687,Customer 687,Kolkata,Retail
688,Customer 688,Hyderabad,Corporate
689,Customer 689,Hyderabad,Corporate
690,Customer 690,Delhi,Corporate
691,Customer 691,Pune,Corporate
692,Customer 692,Delhi,Corporate
693,Customer 693,Kolkata,Retail
694,Customer 694,Pune,Retail
695,Customer 695,Chennai,Corporate
696,Customer 696,Mumbai,Retail
697,Customer 697,Bengaluru,Corporate
698,Customer 698,Bengaluru,Corporate
699,Customer 699,Bengaluru,Corporate
700,Customer 700,Pune,Retail
701,Customer 701,Chennai,Retail
702,Customer 702,Kolkata,Corporate
703,Customer 703,Chennai,Retail
704,Customer 704,Bengaluru,Retail
705,Customer 705,Delhi,Corporate
706,Customer 706,Hyderabad,Retail
707,Customer 707,Mumbai,Retail
708,Customer 708,Mumbai,Corporate
709,Customer 709,Delhi,Retail
710,Customer 710,Bengaluru,Corporate
711,Customer 711,Pune,Retail
712,Customer 712,Hyderabad,Retail
713,Customer 713,Mumbai,Corporate
714,Customer 714,Chennai,Corporate
715,Customer 715,Hyderabad,Retail
716,Customer 716,Pune,Retail
717,Customer 717,Mumbai,Retail
718,Customer 718,Kolkata,Retail
719,Customer 719,Bengaluru,Corporate
720,Customer 720,Hyderabad,Corporate
721,Customer 721,Chennai,Retail
722,Customer 722,Delhi,Retail
723,Customer 723,Hyderabad,Corporate
724,Customer 724,Bengaluru,Corporate
725,Customer 725,Bengaluru,Corporate
726,Customer 726,Pune,Corporate
727,Customer 727,Pune,Corporate
728,Customer 728,Hyderabad,Corporate
729,Customer 729,Pune,Corporate
730,Customer 730,Mumbai,Retail
731,Customer 731,Bengaluru,Corporate
732,Customer 732,Pune,Corporate
733,Customer 733,Delhi,Corporate
734,Customer 734,Bengaluru,Corporate
735,Customer 735,Kolkata,Corporate
736,Customer 736,Bengaluru,Retail
737,Customer 737,Chennai,Retail
738,Customer 738,Chennai,Corporate
739,Customer 739,Pune,Corporate
740,Customer 740,Mumbai,Retail
741,Customer 741,Kolkata,Corporate
742,Customer 742,Mumbai,Corporate
743,Customer 743,Hyderabad,Retail
744,Customer 744,Chennai,Retail
745,Customer 745,Mumbai,Retail
746,Customer 746,Hyderabad,Corporate
747,Customer 747,Kolkata,Retail
748,Customer 748,Bengaluru,Corporate
749,Customer 749,Hyderabad,Corporate
750,Customer 750,Hyderabad,Corporate
751,Customer 751,Chennai,Retail
752,Customer 752,Kolkata,Retail
753,Customer 753,Mumbai,Corporate
754,Customer 754,Pune,Corporate
755,Customer 755,Kolkata,Retail
756,Customer 756,Hyderabad,Retail
757,Customer 757,Pune,Corporate
758,Customer 758,Kolkata,Retail
759,Customer 759,Mumbai,Retail
760,Customer 760,Kolkata,Corporate
761,Customer 761,Kolkata,Corporate
762,Customer 762,Pune,Corporate
763,Customer 763,Pune,Retail
764,Customer 764,Hyderabad,Corporate
765,Customer 765,Hyderabad,Corporate
766,Customer 766,Kolkata,Corporate
767,Customer 767,Hyderabad,Corporate
768,Customer 768,Hyderabad,Retail
769,Customer 769,Pune,Corporate
770,Customer 770,Bengaluru,Corporate
771,Customer 771,Delhi,Retail
772,Customer 772,Bengaluru,Corporate
773,Customer 773,Pune,Corporate
774,Customer 774,Delhi,Corporate
775,Customer 775,Chennai,Retail
776,Customer 776,Kolkata,Corporate
777,Customer 777,Hyderabad,Retail
778,Customer 778,Chennai,Retail
779,Customer 779,Chennai,Retail
780,Customer 780,Hyderabad,Retail
781,Customer 781,Delhi,Retail
782,Customer 782,Hyderabad,Corporate
783,Customer 783,Hyderabad,Retail
784,Customer 784,Chennai,Retail
785,Customer 785,Hyderabad,Retail
786,Customer 786,Mumbai,Retail
787,Customer 787,Chennai,Retail
788,Customer 788,Bengaluru,Retail
789,Customer 789,Kolkata,Retail
790,Customer 790,Bengaluru,Retail
791,Customer 791,Bengaluru,Retail
792,Customer 792,Chennai,Corporate
793,Customer 793,Chennai,Corporate
794,Customer 794,Pune,Retail
795,Customer 795,Pune,Corporate
796,Customer 796,Chennai,Corporate
797,Customer 797,Bengaluru,Corporate
798,Customer 798,Kolkata,Corporate
799,Customer 799,Pune,Corporate
800,Customer 800,Mumbai,Corporate
801,Customer 801,Kolkata,Retail
802,Customer 802,Chennai,Corporate
803,Customer 803,Kolkata,Corporate
804,Customer 804,Kolkata,Retail
805,Customer 805,Pune,Retail
806,Customer 806,Hyderabad,Retail
807,Customer 807,Kolkata,Corporate
808,Customer 808,Bengaluru,Retail
809,Customer 809,Bengaluru,Corporate
810,Customer 810,Pune,Corporate
811,Customer 811,Hyderabad,Retail
812,Customer 812,Pune,Corporate
813,Customer 813,Delhi,Retail
814,Customer 814,Mumbai,Corporate
815,Customer 815,Pune,Corporate
816,Customer 816,Mumbai,Retail
817,Customer 817,Delhi,Retail
818,Customer 818,Chennai,Corporate
819,Customer 819,Kolkata,Retail
820,Customer 820,Pune,Retail
821,Customer 821,Chennai,Retail
822,Customer 822,Mumbai,Corporate
823,Customer 823,Kolkata,Corporate
824,Customer 824,Kolkata,Corporate
825,Customer 825,Chennai,Retail
826,Customer 826,Hyderabad,Retail
827,Customer 827,Kolkata,Corporate
828,Customer 828,Bengaluru,Corporate
829,Customer 829,Bengaluru,Retail
830,Customer 830,Chennai,Corporate
831,Customer 831,Kolkata,Retail
832,Customer 832,Chennai,Corporate
833,Customer 833,Hyderabad,Retail
834,Customer 834,Hyderabad,Retail
835,Customer 835,Kolkata,Corporate
836,Customer 836,Delhi,Retail
837,Customer 837,Kolkata,Retail
838,Customer 838,Kolkata,Corporate
839,Customer 839,Hyderabad,Corporate
840,Customer 840,Kolkata,Retail
841,Customer 841,Delhi,Corporate
842,Customer 842,Delhi,Retail
843,Customer 843,Delhi,Retail
844,Customer 844,Pune,Corporate
845,Customer 845,Hyderabad,Retail
846,Customer 846,Chennai,Corporate
847,Customer 847,Hyderabad,Corporate
848,Customer 848,Delhi,Retail
849,Customer 849,Hyderabad,Retail
850,Customer 850,Hyderabad,Retail
851,Customer 851,Chennai,Retail
852,Customer 852,Hyderabad,Retail
853,Customer 853,Delhi,Retail
854,Customer 854,Kolkata,Retail
855,Customer 855,Delhi,Retail
856,Customer 856,Hyderabad,Corporate
857,Customer 857,Kolkata,Retail
858,Customer 858,Pune,Retail
859,Customer 859,Chennai,Corporate
860,Customer 860,Mumbai,Retail
861,Customer 861,Kolkata,Retail
862,Customer 862,Mumbai,Retail
863,Customer 863,Delhi,Corporate
864,Customer 864,Pune,Retail
865,Customer 865,Kolkata,Retail
866,Customer 866,Delhi,Retail
867,Customer 867,Delhi,Retail
868,Customer 868,Delhi,Corporate
869,Customer 869,Kolkata,Corporate
870,Customer 870,Chennai,Retail
871,Customer 871,Hyderabad,Retail
872,Customer 872,Mumbai,Corporate
873,Customer 873,Kolkata,Retail
874,Customer 874,Mumbai,Retail
875,Customer 875,Mumbai,Retail
876,Customer 876,Kolkata,Corporate
877,Customer 877,Kolkata,Corporate
878,Customer 878,Mumbai,Corporate
879,Customer 879,Delhi,Retail
880,Customer 880,Delhi,Corporate
881,Customer 881,Hyderabad,Retail
882,Customer 882,Chennai,Corporate
883,Customer 883,Bengaluru,Corporate
884,Customer 884,Delhi,Corporate
885,Customer 885,Bengaluru,Corporate
886,Customer 886,Pune,Retail
887,Customer 887,Bengaluru,Retail
888,Customer 888,Mumbai,Corporate
889,Customer 889,Chennai,Corporate
890,Customer 890,Bengaluru,Corporate
891,Customer 891,Pune,Retail
892,Customer 892,Pune,Retail
893,Customer 893,Pune,Corporate
894,Customer 894,Pune,Corporate
895,Customer 895,Chennai,Retail
896,Customer 896,Delhi,Corporate
897,Customer 897,Delhi,Corporate
898,Customer 898,Bengaluru,Corporate
899,Customer 899,Kolkata,Corporate
900,Customer 900,Pune,Corporate
901,Customer 901,Delhi,Retail
902,Customer 902,Mumbai,Retail
903,Customer 903,Hyderabad,Retail
904,Customer 904,Mumbai,Corporate
905,Customer 905,Chennai,Corporate
906,Customer 906,Bengaluru,Retail
907,Customer 907,Hyderabad,Corporate
908,Customer 908,Kolkata,Retail
909,Customer 909,Hyderabad,Corporate
910,Customer 910,Mumbai,Retail
911,Customer 911,Mumbai,Corporate
912,Customer 912,Pune,Corporate
913,Customer 913,Delhi,Corporate
914,Customer 914,Mumbai,Retail
915,Customer 915,Kolkata,Corporate
916,Customer 916,Pune,Retail
917,Customer 917,Pune,Retail
918,Customer 918,Chennai,Corporate
919,Customer 919,Pune,Corporate
920,Customer 920,Mumbai,Corporate
921,Customer 921,Pune,Corporate
922,Customer 922,Hyderabad,Corporate
923,Customer 923,Hyderabad,Corporate
924,Customer 924,Delhi,Corporate
925,Customer 925,Chennai,Retail
926,Customer 926,Kolkata,Retail
927,Customer 927,Kolkata,Retail
928,Customer 928,Bengaluru,Corporate
929,Customer 929,Delhi,Retail
930,Customer 930,Chennai,Retail
931,Customer 931,Kolkata,Retail
932,Customer 932,Hyderabad,Retail
933,Customer 933,Hyderabad,Retail
934,Customer 934,Bengaluru,Corporate
935,Customer 935,Delhi,Corporate
936,Customer 936,Chennai,Corporate
937,Customer 937,Chennai,Corporate
938,Customer 938,Bengaluru,Corporate
939,Customer 939,Chennai,Corporate
940,Customer 940,Mumbai,Retail
941,Customer 941,Chennai,Retail
942,Customer 942,Bengaluru,Retail
943,Customer 943,Delhi,Retail
944,Customer 944,Chennai,Retail
945,Customer 945,Chennai,Corporate
946,Customer 946,Kolkata,Retail
947,Customer 947,Kolkata,Retail
948,Customer 948,Mumbai,Corporate
949,Customer 949,Delhi,Retail
950,Customer 950,Delhi,Corporate
951,Customer 951,Kolkata,Corporate
952,Customer 952,Pune,Corporate
953,Customer 953,Mumbai,Retail
954,Customer 954,Delhi,Retail
955,Customer 955,Mumbai,Corporate
956,Customer 956,Mumbai,Retail
957,Customer 957,Kolkata,Retail
958,Customer 958,Bengaluru,Corporate
959,Customer 959,Chennai,Corporate
960,Customer 960,Chennai,Retail
961,Customer 961,Pune,Retail
962,Customer 962,Delhi,Corporate
963,Customer 963,Pune,Corporate
964,Customer 964,Pune,Corporate
965,Customer 965,Bengaluru,Corporate
966,Customer 966,Bengaluru,Retail
967,Customer 967,Chennai,Retail
968,Customer 968,Delhi,Retail
969,Customer 969,Pune,Retail
970,Customer 970,Hyderabad,Corporate
971,Customer 971,Bengaluru,Retail
972,Customer 972,Delhi,Retail
973,Customer 973,Bengaluru,Corporate
974,Customer 974,Chennai,Corporate
975,Customer 975,Hyderabad,Corporate
976,Customer 976,Bengaluru,Corporate
977,Customer 977,Pune,Corporate
978,Customer 978,Pune,Retail
979,Customer 979,Delhi,Corporate
980,Customer 980,Bengaluru,Retail
981,Customer 981,Mumbai,Retail
982,Customer 982,Pune,Corporate
983,Customer 983,Kolkata,Retail
984,Customer 984,Mumbai,Corporate
985,Customer 985,Delhi,Corporate
986,Customer 986,Pune,Corporate
987,Customer 987,Hyderabad,Retail
988,Customer 988,Kolkata,Retail
989,Customer 989,Delhi,Retail
990,Customer 990,Hyderabad,Corporate
991,Customer 991,Hyderabad,Corporate
992,Customer 992,Kolkata,Retail
993,Customer 993,Kolkata,Retail
994,Customer 994,Bengaluru,Retail
995,Customer 995,Bengaluru,Corporate
996,Customer 996,Pune,Retail
997,Customer 997,Pune,Retail
998,Customer 998,Kolkata,Corporate
999,Customer 999,Kolkata,Corporate
1000,Customer 1000,Bengaluru,Retail
